method	length	k	pair_index	ground_truth_pass	observed_pass	true_edit_distance	read	reference
leap_avx2	200	2	1271	1	0	2	ATCGATGACAGTCGAAGCACCTCGTTCATTCGAAGCCGTGACAATCAGGAGGGCAGGCGGAATATGTGTATGGACCGTACACCATGTACGAGTGTTCACTGCCGGGCGAAAACGTGCGCAATCGCAGCATACCACACCCGTCGTTCGTGCTCTTCATGAGCGAGTTGGAGAGGACGCCCGCTTCTGCTTCGCCTGACGAG	ATCGATGACAGTCGAAGCACCTCGTTCATTCGAAGCCGTGACAATCAGGAGGGCAGGCGGAATATGTGTATGGACCGTACACCATGTACGAGTGTTCACTGCCGGGCGAAAACGTGCGCAATCGCAGACATACCACCCCGTCGTTCGTGCTCTTCATGAGCGAGTTGGAGAGGACGCCCGCTTCTGCTTCGCCTGACGAG
leap_avx2	200	2	1664	1	0	2	ACGGGGTTATCACTCCACCACTGAAGTTTGTTAGTATTAGCTGTCCTGCGGCACTTCGCACACAATGCTTACTATATGAGGGTAAGCCATCTTAATAGATTTATAAAACGGTCAGTGAACCCATCCAACGCACGCACTCGGAGATAGGTATGGATGGAAGCTCCGCCTTAACAAGTCTCACTACGATGGCCCATTGCCGT	ACGGGGTTATCACTCCACCACTGAAGTTTGTTAGTATTAGCTGTCCTGCGGCACTTCGCACACAATGCTTACTATATGAGGGTAAGCCATCTTAATAGATTTATAAAACGGTCAGTGAACCCATCCACGCACGCACTCGGAGAATAGGTATGGATGGAAGCTCCGCCTTAACAAGTCTCACTACGATGGCCCATTGCCGT
leap_avx2	200	2	5700	1	0	2	GCGCTTTGCGTGCTACCTATGGAGCCCGGAGTGGTTTACGTAGCGCCCTTTCGAAGTGCTAAGTAACCACCCTTGAATCTGTCGTCGGTTACAAAAGCTACTATCACAACGCGGTCAGCAGCTGATTGTGTGCGTAGTCTGGGTCTACCTTTGATATAGTAAGCGACCTTTAATAGTGACGGTCTCACGTGAATGGAGTA	GCGCTTTGCGTGCTACCTATGGAGCCCGGAGTGGTTTACGTAGCGCCCTTTCGAAGTGCTAAGTAACCACCCTTGAATCTGTCGTCGGTTACAAAAGCTACTATCACAACGCGGTCAGCAGCTGATTTGTGCGTAGTCTGGGTCTACCTTTGATATAGTAAGGCGACCTTTAATAGTGACGGTCTCACGTGAATGGAGTA
leap_avx2	200	2	7189	1	0	2	TAGGCCAGATACGGACGCTTTCAGCTCTCGCTTGCCCGGGACGGCGACCCCTAGAATGAGCATTGCTCGGAGTGGCCCAAACAGGAAAAGGATCTACTAAAGTACTTGGTTCGCGTACGGTATGACGCCTAACGTGCGTAATCCTTGCAGTTGTCGCGAAACCGGCCCATCCAGGTCTTCCGAGTAGAGTGATCAATTCT	TAGGCCAGATACGGACGCTTTCAGCTCTCGCTTGCCCGGGACGGCGACCCCTAGAATGAGCATTGCTCGGAGTGGCCCAAACAGGAAAAGGATCTACTAAAGTACTTGGTTCGCGTACGGTATGACGACCTAACGTGCGTAATCCTTGCAGTTGTCCGAAACCGGCCCATCCAGGTCTTCCGAGTAGAGTGATCAATTCT
leap_avx2	200	3	1513	1	0	3	CTTGATCATTTTTCCTAGGCACTAGCAGATGCAGCTAGTAGGACTCAATATAACGCTACGAGCTAGGACATATATAGTGCCTAACGAGTCATGGTTGAACGACATTTCCCTTTGCATACTACATCTATAACACTATTGCTAGCATTTCGAGCGTTTCGAGAAGTGCTGAGCGAGCATTCAAGAGTACATTCGAGTTAAGG	CTTGATCATTTTTCCTAGGCACTAGCAGATGCAGCTAGTAGGACTCAATATAACGCTACGAGCTAGGACATATATAGTGCCTAACGAGTCATGGTGTGAACGACATTTCCCTTTGCATACTACATCTGTAACACTATTGCTAGCATTTCGAGCGTTTCGAGAAGTGCTGAGCGAGCATTAAGAGTACATTCGAGTTAAGG
leap_avx2	200	3	1576	1	0	3	TTAAGTTTCCTACAGAGAATGCAACCGAAAGTGCTAATATATGACTTCTTACAATCCTATACGTACTATGCGCCGCATGATCGGTAAACTTGAGCTGACGTAGCACCTGCCTAGATCTCGGCGGCCTACGTTTCAAACGGACCGATCAATACGATCCAGGTTAGTGGCATGTCCGAGGTAGTATGAATTCACGACGGGGG	TTAAGTTTCCTACAGAGAATGCAACCGAAAGTGCTAATATATGACTTCTTACAATCCTATACGTACTATGCGCCGCATGATCGGTAAACTGAGCTGACGTAGCACCTGCCTAGATCTCGGCGGCCTCCGTTTCAAACGGACCGATCAATACGATCCAGGTTAGTGGCATGTCCGAGGTAGTATGAAATTCACGACGGGGG
leap_avx2	200	3	1811	1	0	3	TAGATGTCTGGACTCGCATTTCTTTTCGCAGGATGGCCCCGGGTTCAGACGGCTTAGGCCCCGTCACAAGGACCATTTACAGCGCCGGAATGTCCTGAGAGTGCCCAGTGTAGACACACTCATGAGACAGGGCGGGTTATCCTCGCTTCGGGCCGTGCTGGGAGTGCCGGATTTAATCCTCTCCTTGTCTGACAGCAATT	TAGATGTCTGGACTCGCATTTCTTTTCGCAGGATGGCCCCGGGTTCAGACGGCTTAGGCCCCGTCACAAGGACCATTTACAGCGCCGGAATGTCCTGAGAGTGCCCTAGTGTAGACACACTCATGAGTCAGGCGGGTTATCCTCGCTTCGGGCCGTGCTGGGAGTGCCGGATTTAATCCTCTCCTTGTCTGACAGCAATT
leap_avx2	200	3	4023	1	0	3	ACAGGCCTTTGCCATATGGATTCGCCGGAGGAGTGCGCGAAGGCATTAAATAATGTATATGTAAGATCCTGTGCGAAACGCTTACATCCATCGTAAGTTAGACTACGCTAAACATCGAGTCTGAAACATCCTCGGTATATCAAGAAGACTTTCGCTCCCACAACCTTCGTGTTGCCACTGTGAACATCGCGGGACGCATA	ACAGGCCTTTGCCATATGAATTCGCCGGAGGAGTGCGCGAAGGCATTAAATAATGTATATGTAAGATCCTGTGCGAAACGCTTACATCCATCGTAAGTTAGACTACGCTAAACATCGAGTCTGAAACTCCTCGGTATATCAAGAAGACTTTCGCTCCCACAACCTTCGTGTTCGCCACTGTGAACATCGCGGGACGCATA
leap_avx2	200	3	4183	1	0	3	GTCCTACAGCGCAAATTCGAGATCAACGAGACTTCCTTGGGGCGTCCTGAACACTACAAACGGTAGCATCCTTTTTTAGTGCGTCTGTAAGAGGAACAATTTATCTTCAGGTTATGGGTCCGGTACCCGAAAAGTCTACCGCCGCCCGTCGTCGTACTTTCGCCCCATAAGTGGGTTTTCTCGACAGCGGCGGTGAACTC	GTCCTACAGGCAAATTCGAGATCAACGAGACTTCCTTGGGGCGTCCTGAACACTACAAACGGTAGCATCCTTTTTTAGTGCGTCTGTAAGAGGAACAATTTATCTTCAGGTTATGGGTCCGGTACCAGAAAAGTCTACCGCCGCCCGTCGGTCGTACTTTCGCCCCATAAGTGGGTTTTCTCGACAGCGGCGGTGAACTC
leap_avx2	200	3	4305	1	0	3	CGCTCTAGTTCTACCTCAATGACCGAATTTGAATGTATGCGGAGTAAGACGAGCTAGCGTTCGCTCTGATTTTTCCTCAAGAAAACAAAGAAGGCTAATGCTAGAATGGATGTGTCCCAAGTCACCGCCGAGCACGCAAGCTCTCGATGAGAGATTCAGTATCTAAGGCCGCTAATCTGGTTCTCAGGTATGGGTCAAAA	CGCTCTAGTTCTACCTCAATGACCGAATTTGAATGTATGCGGAGTAAGACGAGCTAGCGTTCGCTCTGATTTTTCCTCAAGAAAACAAAGAAGGCTAATGCTAGAATTGGATGTGTCCCAAGTCACCTCCGAGCACGCAAGCTCTCGATGAGAGATTCAGTATCTAAGGCCGCTAATCTGGTTCTCAGTATGGGTCAAAA
leap_avx2	200	3	5211	1	0	3	GCTTCTACCTGCCAGTTTTACATAACACAATTGGACTGATAGGTCATAGTGCCCAGGTCCCGGACTACGTTTTGACGACTCACCTTTCCGCAAGGCAGTCTCTACCAATCAACTCTAGCGATTTATACTGATAAGGGTTTAAAATGCACTTTTTACAATCGTTGTGAGACAAGCGCTTAATCTTTGTTTAGCTGGCGAAA	GCTTCTACCTGCCAGTTTTACATAACACAATTGGACTGATAGGTGATAGTGCCCAGGTCCCGGACTACGTTTTGACGACTCACCTTTCCGCAAGGCAGTCTCTACCAATCAACTCTAGCGATTTATAACTGATAAGGGTTTAAAATGCACTTTTTAAATCGTTGTGAGACAAGCGCTTAATCTTTGTTTAGCTGGCGAAA
leap_avx2	200	3	7897	1	0	3	AGAAGTCGAGTCACACAAACAACGTTTTTGCTAAACGTTGGAACGGGGGTAAGATAATTCGAACGAGGAGATCTCTGTGGCGTAACAAACTGACAGGCCCGGCGATTTAGTTATCTTGGTTAGATGCGCGTAAACCGTGATGAGAGGGTGCAGGGACCACCGCGATTCCCATATGGATACCCCGAGAAACATCTCACGGA	AGAAGTCGAGTCACACAAACAACGTTTTTGCTAAACGTTGGAACGGGGGTAAGATAATTCGAACGAGGAGATCTCTGTGGCGTAACAAACTGACAGGCCCGGTCGATTTAGTTATCTTGGTTAGATGTGCGTAAACCGTGATGAGAGGGTGCAGGGACCACCGCGATTCCCATATGGATCCCCGAGAAACATCTCACGGA
leap_avx2	200	4	1209	1	0	4	GTTTTAGCTCAACTGTAAGAACCAGGTTTGCGATAAGGCCATACACAGCGTTGATAGACGAGCATAAAGTTGGTCAGGCAAATCCGCCCGTTTCCTGTTTTGCCACGGGTGAGCTGTAGTTATGTAGGCCGCGCGGAACCGGCGCTTGAGGGAAGTGTTCGTTTAACCTTCACGATTGCGCAGCCTAGCGAAAGTTGCAG	GTTTTAGCTCAACTGTAAGAACCAGGTTTGCGATAAGGCCATACACAGCGTTGATAGACGAGCATAAAGTTGGTCAGGCAACATCCGCCCGTTTCCTGTTTTGCCACGGGTGAGCTGTAGTTATGTATGGCGCGCGGAACCGGCGCTTGAGGGAAGTGTTCGTTTAACCTTCACGATTGCGCAGCTAGCGAAAGTTGCAG
leap_avx2	200	4	1615	1	0	4	ACACGAACACCTACTCCACTTACCAGGGGGGTCCCGAATATAGCGAGGGCCTACTTTTGGCAATTTGTACACCGAACGTTCTCTTCAGGTACTGTCTTAGAAAAGCTGGTAACGCCAAGTTAGTGATCCCAATCATCAAATCTGGTTAGCTGTGCTAATAGGGGCTCAGGGAATGACGAATCGTACTTCCCGCTCCCCCA	ACACGAACACCTACTCCACTTACCAGGGGGGTCCCGAATATAGCGAGGGCCTACTTTTGGCAATTTGTACACCGAACGTTCTCTTCAGGTACTGTCGTAGAAAAGCTGGCTAACGCCAAGTTAGTGAGCCCAACATCAAATCTGGTTAGCTGTGCTAATAGGGGCTCAGGGAATGACGAATCGTACTTCCCGCTCCCCCA
leap_avx2	200	4	3032	1	0	4	TTATATCACGGCACTATTGTGTTTAGTGACCAGCCGCCCCAGAGACTATGGATTATCGCGAACTGAAGGCTTCCCGTCGCACCAACGGCAGCACTCGGCCGTCTCAGCCCCTTACAGCCTTGTCGCTAGCTGAACGGCACAATCACACATAGAGATACGTATCCATCTCAGAGACTTCGGCCAATAGGCACTCCTGTACG	TTATATCACGGCACTATTGTGTTTAGTGACCAGCCGCCCCAGAGACTATGGATTATCGCGAACTGAAGGCTTCCCGTCGCACCAACGGCAGCACTCGGCCGTCTCAGCCCCTTACAGCTTGTCGCTCGCTGAACCGCACAATCACACATAGAGATACGTATCCATCTCAGAGACTTCGGCCAATAGGCACTCCTTGTACG
leap_avx2	200	4	3964	1	0	4	AGCATTGAAAGGCAAACGAATTTCGGAGTCAAATGCCCAATCTTCTCTTTACTCCAGCCTGGGGCTATTTATTAGTCCACACCATCGACTACAGAGGCTGTGTCTGCGTAATCACACCCCCAAGCTTACACACGACACACTATACAGGTCCCGCCTAGGCATTCGTCTCAATGAGGTTAAGTGCTGTGCAAGATTGTTGA	AGCATTGAAAGGCAAACGAATTTCGGAGTCAAATGCCCAATCTTCTCTTTACTCAGCCTGGGGCTATTTATTAGTCCACACCATCTACTACAGAGGCTGTGTCTGCGTAATCACACCCCCAAGCTTCCACACGACACACTATACAGGGTCCCGCCTAGGCATTCGTCTCAATGAGGTTAAGTGCTGTGCAAGATTGTTGA
leap_avx2	200	4	3970	1	0	4	CAGGTCGTGCAGTTATACTCGCGCAGCTGAATGCGCGAGCATGTACTTGATCCTAGCACGGAACTGATGATGTAACTCGAAGTAGGATCCGGGAATGCCCTCCCACATAGATTAACCTCCTAACCATCTTTTGCTACCGACGTCGCATATATTAGATGTCCATGCCATGACCGATGGGCATGAGCTTACTAACCGAAGGA	CAGGTCGTGCAGTTATACTCGCGCAGCTGAATGCGCGAGCATGTACTTGATCCTAGCACGGAACTGATGATGTACTCGTAAGTAGGATCCGGGAATGCCCTCCCACATAGATTAACCTCCTAACCATTTTTGCTACCGACGTCCGCATATATTAGATGTCCATGCCATGACCGATGGGCATGAGCTTACTAACCGAAGGA
leap_avx2	200	4	5094	1	0	4	GCTTCGTCCACGGGGAGCCAGCCGTGTTGCGTGCCGATAGAGACACACGAGCCGGGGAGAGGGATAGATCTGCGATGTACTTTTGGAGTTTTAATAAAAACCTTCAGCTACTGCCTAGGGGGTAAGGGTTTGTGAATTCGAATCACCAGTGGATAGAGCGAACTGAAGGGTGCATCAACAAAATCTTGGACCGCTTTAAC	GCTTCGTCCACGGGGAGCCAGCCGTGTTGCGTGCCGATAGAGACACACGAGCCGGGGAGAGGGATAGATCTGCGATGTACATTTGGAGTTTTAATAAAAACCTTCAGCTACTGCCTAGGGGGTAAGGTTTGGGAATTCGAATCATCCAGTGGATAGAGCGAACTGAAGGGTGCATCAACAAAATCTTGGACCGCTTTAAC
leap_avx2	200	4	7866	1	0	4	TTAAGTCAAAGCGATTTGAGAGATCTCTTGGATCCACAGTATAAATTGATCCTTTCAGGGGCGCGGACGAAAATAACTCACTGAAGATCACTGGTATCCCGTGAAACACCTGCTACGAGCCCCACACGGTCGGACACTCATCGGGAAATGATAGCGATCCACCACGTGGTAAATGAGCGACAGAAGGGTGATGTGAAAAC	TTAAGTCAAAGCGATTTGAGAGATCTCTTGGATCCACAGTATAAATTGATCCTTCCAGGGGCGCGGACGAAAATAACTCACTGAAGATCACTGGTATCCCATGAAACACCTGCTACGAGCCCCACACCGGTCGGACACTCATCGGGAAATGATAGCGATCCACACGTGGTAAATGAGCGACAGAAGGGTGATGTGAAAAC
leap_avx2	200	4	7940	1	0	4	AGGTTTGGATGGCACGCCCAACAATTTTACGACTTCCCAAAGTTCGGGGTCATAATACTGCGTTCAGATCTGCAAGAATCCGATCGTCTGATCGCGCAACTTTTTGCCATCGCAGTAACTCACAAGGTGATCCGCGTTTGCTCACGCCTTCACTCTCAGTCATCGACAGAGCCCAAACTAGGAAGTCTTTAATATCTATA	AGGTTTGGATGGCACGCCCAACAATTTTACGACTTCCCAAAGTTCGGGGTCATAATACTGCGTTCAGATCTGCAAGAATCCGATCGTCTGATCGCGCAACTATTTTGCCATCGCAGTAACTCACAAGTTGATCCGGTTTGCTCACGACTTCACTCTCAGTCATCGACAGAGCCCAAACTAGGAAGTCTTTAATATCTATA
leap_avx2	200	4	9515	1	0	4	TGGCAAACATGGAACGGCCTAACACGCTGTGATCTGGACGGCGTTGAAAGCTCAAGAACCCGTTCAACATACACACCAAACGGCTGTTAGTACCTTCGTCGCGAGTCGGAAATCGGAGAAGCGATCTTCACTAGTGGTCCGACGCTTGGGATTAAAACTTTTTTGGAGCAATACCCTCACCGTCTTATATTTCATGGGCA	TGGCAAACATGGAACGGCCTAACACGCTGTGATCTGGACGGCGTTGAAAGCTCAAGAACCCGTTCAACATACACACCAAACGGCTGTTAGTACCTTCGTAGCGAGTCGGAAATCGGAGAAGCGATCTCACTAGTGGTCCGACGCTTGGGATTAAAACTGTTTTGGAGCAATACCCTCAACCGTCTTATATTTCATGGGCA
leap_avx2	200	4	9625	1	0	4	GTGTATGAGGAACCCGAATATAAAACCCCAAAGATACACGATTCTGAACATAGATGCCTCCATACAGCAGCGCTGATAAACATGATGACCCGCAAACGTTGGCTCTCTCTGGCGAAAAACGAATTAGGCTATGCATGGTCCTACGCATGCCGCACTTACGTGACGCCTTAAATCGGAGTCCAACCGTGCACAGAGATACG	GTGTATGAGGAACCCGAATATAAAACCCCAAAGATACACGATTCTGAACATAGATGCCTCCATACAGCAGCGCTGATAAACATGATGACCCGCAAACGTTGGCTCTCCTGGCGAAAAACGAATTAGCTATGCATGGTCCTACGCATGCCGCACTTACGTGACGGCCTTAAATCGGAGTCCAACCGTGCACAGATGATACG
leap_avx2	200	5	3566	1	0	5	TCCCTCTGCGGAGCTGGGACCCGAATATATGGGGTCAGTAGGGCTTATTAGTCTTCACGGGTGATATATCCTCTTTCAGTATATATGTTATTATTGGCGACAACTTATGATTGTATCTGGGTTTGTGCGACGGGAAGTTTGATGTTTATACGCTGCGCCGCCCGCCGAGCATGAATAGATAACAGGCGCGGTCCACACGG	TCCCTCTGCGGAGCTGGGACCCGAATATATGGGGTCAGTAGGGCTTATTAGTATTCACGGGTGATATATCCTCTTTCAGTATATATGTTATTATTGGCGACAACTTTGATTGTATCTGGGTTTGTGAGACGGGAAGTTTGATGTTTATACGCTGCGCCGCCCGCCGAGCATGAAATAGTTAACAGGCGCGGTCCACACGG
leap_avx2	200	5	6169	1	0	5	TACAAAGGGGTTACTCAAACGGGCGGGACACCTAAGAGTAATCGTACACTGGTGACGGTCCTACTAAATTCTTGGGGAGACGTAAAACGTAGAGTCCCAGTTGGGTTTCGCGTCAGGTCCGGCCCACTCGACCACAGTGTCCTAAAGTTCCGTCACAGGACCTGTACTAACATTTCCTCAATATATTCCTAACCTGTATG	TACAAAGGGGTTACTCAAACGGGCGGGACACCTAAGAGTAATCGTACACTGGTGACGGTCCTACTAAATTCTTGGGGAGACGCTTAAACGTAGAGTCCCAGTTGGGTTTCGCGTCAGGTCCGGCCCAATCGACCACAGTGTCTAAAGTTCCGTCACAGGACCTGTACTAACATTTCCTCAATATACTCCTAACCTGTATG
leap_avx2	200	5	6312	1	0	5	TGAAGGTGGCTAGTCATCTATTGTTAATCTTACCAGGACTGAATTTCCCCGGCCTACTGTTAAAGTAGACGGTTAAGCAAGTCTATGAGTTACTAAAAGTAGAGTCAGTATGTCTATTAAAGAAGCGCCCCTTCACTATCGACGAGGATCCGATCTGGCTAGCTACAGATCCGTTCAACATCCCGCATAAGTTTAAAAGA	TGAAGGTGGCTAGTCACTATTGTTAATCTTACCAGGACTGAATTTCCCCGGCCTACTGTTAAAGTAGACGGTTAAGCAAGTCTATGAGTTACTAAAAGTAGAGTCAGTATGTTTATTAAAGAAGCGTCCCTTCACTATCGACGAGGATCCGATCCTGGCTAGCTACAGATCCGTTCAACATCCTGCATAAGTTTAAAAGA
leap_avx2	200	5	7386	1	0	5	GACCGGCCTAACCGAATTACCGCCTACTTCAGGAACAGAACTATCTGTGTTTTTAAATATCATAACTCCGGTAGGATATAAACATCGCGCCACGGTCCTCACCACTTCGTTTACTATAATGTACCTGGGTATACAATTGATAACTGGTCACGCATCTATTGGCCTTTTCAGTCACCCGAAGCGTGTTCCGTTAGTCGCTT	GACCGGCCTAACCGAATTACCGCCTACTTCAGGAGACAGAACTATCTGTGTTTTTAAATATCATAACTCCGGTAGGATATAAACATCGCGCCACGGTCCTCACCACTTCGTTTACATAATGTACCTGCGGTATACAATTGATAACTGGTCAGGCATCTATTGGCCTTTTCAGTCACCCGAAGCGTGTCCGTTAGTCGCTT
leap_avx2	200	5	7541	1	0	5	TGACACAGACGCTCAAGTCAAGACCTCATGCTCTCAGTGTTGACCATTAAAGTCGCCCCAGACATCTCGCTCTACAATATCACAATATGACATTGGGGCGCGCTGCTAGTTGACGTTCTCATTTAGCGTAAGGCGAGTGAGCATCGCACCAGACTATACTAGTCACTCGCTCATCTATCTAACTCGCGTTTAGTATATAC	TGACACAGACGCTCAAGTCAAGACCTCATGCTCTCAGTGTTGAACATTAAATCGCCCCAGACATCTCGCTCTACAATATCACAATATGACATTGGGGCGCGCTGCTAGTTGACGTTCTCATTTAGCCTAAGGCGAGTGAGCATCGCACCAGACTATACTAGTCACTCGCTCAATCTATCTAACTCGCGTTTAGTCTATAC
leap_avx2	200	5	7687	1	0	5	GTGAACTTATTGTGCCTACGCGAGGTTCTGACTCGACTCGAAAAGTCTCGCATGCGTTTCACAGCCATGTCAGCTAAGGCTTGGTAGAGCCATGTTAACGAGTCGTGTAGGGGGCGCGGGACTCAACGAGGTCCGTCTTTGTTCTCCCCGATCGGAAGAGACCTCAGCTATGCGTGGCCCGAGGAGTCTTTCATCGCGTC	GTGAACTTATTGTGCCTACGCGAGGTTCTGACTCGACTCGAAAAGTCTCGCATGCGTTTCACAGCCATGTCAGCTAAAGCTTGGTAGAGCAATGTTAACGAGTCGTGTAGGGGGCGCGGGACTCAACCGAGGTCCGTTTTGTTCTCCCCGATCGGAAGAGACCTCAGCTATGCGTGGCCCGAGGAGCCTTTCATCGCGTC
leap_avx2	200	5	8601	1	0	5	AAGATCCAGAAGCGAAGGGAGACATGCATGTATCTGAGCAGAGGGAAGCCATTCCGAGGCTACCCCGAACCTCTGCTATACAATCGGTCACTAATGCGAATCACTAATCTGGCAGCAGCACAAAACGATTCAGCTTGCGGCAAAAGGCCAAAGGTACATACACAAATGTCTACGTTCTATACACGGGTCCTCCAGGGTAA	AAGATCCAGAAGCGAAGGGAGACATGCATGTATCTGAGCAGAGGGAAGCCATTCCGAGGCTACCCCGAACCTCTGCTATACAATCGGTCACTAATGAGAATCACTAATCTGGCAGCAGCACAAAACGTTCAGCTTGCGGTCAAAAGGCCAAAGGTACATTCACAAATGTCTACGTTCTATACACGCGTCCTCCAGGGTAA
leap_avx2	200	5	8933	1	0	5	AGGCACCGTAGCACTTTGACCCCGTAGCCACGAAGGGCCTCATCCGAATGTACTCGTCTTATCGCGGATCTGGAAGTTCGACTAGGCGGGCCGTCTGAATTGTATCCCGGACCGCATGATTGGTTTCTTGGTGTGAGATGCGCCGTGACACCACTAAAGTTCGTCTTGTGATTGCATCTAACGGCAATGGTTCTGCATGC	AGGCACCGTAGCACTTTGACCCCGTAGCACGAAGGGCCTCATCCGAATGTACTCGTCTTATCGCGGATCTGCAAGTTCGACTAGGCGGGCCGTCTGAATTGTATCCCGGACCGCATGATTGGTTTCGTGGTGTGAGATGCGCCGTGACACCACTAAAGTTCGTCTTGTGATTGCATCTTACGGCAATGGTTCTGCGATGC
leap_avx2	200	5	9917	1	0	5	AAATGCTGCCGGGATTATCCACTTGCGCTTTTGGACGAGCATTCGGGAGTGAACGCACTCCTGTGTGGGTTGAAACTCGAGGTTATCCAGTGTCGGGGCCTTTAGACTTGCCGGTGTTGACTTCCGATGAGTCATCTCACTGACTTTGTTCGGACAAGTTTATTTGGGCGCCCTCCAGTGTACCCTTCAATGGTGTTAGC	AAATGTTGCCGGGATTATCCACTTGCGCTTTTGGACGAGCATTCGGGAGAGAACGCACTCCTGTGTGGGTTGAAACTCGAGGTTATCCAGTGTCGGGGCCTTTAGACTTGCCGGTGTTGACTTCCGAGTGAGTCATCTCACTGACTTTGTTCGGACAAGTTATTTGGGCGCGCTCCAGTGTACCCTTCAATGGTGTTAGC
leap_avx2	500	2	4370	1	0	2	CGGCCGGTGGCTTAACTCATATTGCGCTCGCTTGCGCAATTCCTGAAACAATGCAATTGTCGACCTGCCGTGATGTGTCTTCTAAAGGTGTATCCTTTAGAGTGAAGTACGATCAGTAAGCCTGGGTAGCTCTGATCTATATAGGAGAAATTAACGTACGGCCCTCTCTATCTTCGGACCTGGTTAGCCCACGCAAGATTTAAGGTAGCTCGAACCTCCCTCATCAGCCATTGACAGATGATCGGGAGAGCCATCCTCCGGTGCCACTCTACTCAACTTTTGCGACGCGGTACAATGGGGAATCAACGACCCAGTTTGCTCTGGCCTGTGTATTAATAATCCACAGGTTCCCACCACAGTATAGATCCCTAAAAAGATGGGCGAGAAAAGCGCACCATTAGCCGCCACAACTGACAGGGTTGGTGAGGGACTAGTATCTACTCTAATCGAATGAATGAGCTTTACGGGCCGAATACCGTCGCTTGTGAGCGGCTTAAGGG	CGGCCGGTGGCTTAACTCATATTGCGCTCGCTTGCGCAATTCCTGAAACAATGCAATTGTCGACCTGCCGTGATGTGTCTTCTAAAGGTGTATCCTTTAGAGTGAAGTACGATCAGTAAGCCTGGGTGCTCTGATCTATATAGGAGAAATTAACGTACGGCCCTCTCTATCTTCGGACCTGGTTAGCCCACGCAAGATTTAAGGTAGCTCGAACCTCCCTCATCAGCCATTGACAGATGATCGGGAGAGCCATCCTCCGGTGCCACTCTACTCAACTTTTGCGACGCGGTACAATGGGGAATCAACGACCCAGTTTGCTCTGGCCTGTGTATTAATAATCCACAGGTTCCCACCACAGTATAGATCCCTAAAAAGATGGGCGAGAAAAGCGCACCATTAGCCGCCACAACTGACAGGGTTGGTGAGGGACTAGTATCTACTCTAATCGAATGAATGAGCTTTACGGGCCGAATCACCGTCGCTTGTGAGCGGCTTAAGGG
leap_avx2	500	3	8851	1	0	3	TGACAGTAACACAATACACGACTCCCCGGTTTATTGGCGTTTTATTTAACTGGCCGGGGAGCTGGGTTTTTCCCTAGATCCAGGACATCGCCGCCCGTTGGTGTCAAATGCTAAGTCTGCGGGTTCTGTGTTGGGTCAAGCAGACTGGCCCGAATGACGATCAGGAGGTCGGTGTTACTGGTAATAATCTTCCTTAGAATAGTGCCTCGTTCCCGCCCTCAGGGGCGGCTCGGTCATAATACATAGTCGAGAGAACGCACCACTAGCCGATGGTCAACGCACGTATCCGGAAACACACGATATCATCCTGCCTGGTCCGCGACAAGTATGTATCCAGCACTGGAGAATCTTAGCGTGCCTTTAACTGGAGCCGCATTGCTTTAGAGTGCAAGAAGTTCAGAAATGGTCGCCAGTCGTTCAAATATGGCGGGACCTTATGGTAAAAGGGAACACTTAGTATGAGCCAAGTCTACGGACGAGGATTCAAGACTACTACTCCC	TGACAGTAACACAATACACGACTCCCCGGTTTATTGGCGTTTTATTTAACTGGCCGGGGAGCTGGGTTTTTCCCTAGATCCAGGACATCGCCACCCGTTGGTGTCAAATGCTAAGTCTGCGGGTTCTTGTTGGGTCAAGCAGACTGGCCCGAATGACGATCAGGAGGTCGGTGTTACTGGTAATAATCTTCCTTAGAATAGTGCCTCGTTCCCGCCCTCAGGGGCGGCTCGGTCATAATACATAGTCGAGAGAACGCACCACTAGCCGATGGTCAACGCACGTATCCGGAAACACACGATATCATCCTGCCTGGTCCGCGACAAGTATGTATCCAGCACTGGAGAATCTTAGCGTGCCTTTAACTGGAGGCCGCATTGCTTTAGAGTGCAAGAAGTTCAGAAATGGTCGCCAGTCGTTCAAATATGGCGGGACCTTATGGTAAAAGGGAACACTTAGTATGAGCCAAGTCTACGGACGAGGATTCAAGACTACTACTCCC
leap_avx2	500	4	2036	1	0	4	AGCTACGCAAGCCCTTGATGACCATATGCTATGGTCTATTCACAGGGTAATAGGCGGCGTCTATCCGCTGGTCTCTTGGCCGGGCTGTACAGAAGCGCTGGCAGCATTCCTCACCACGGTGCGCATTCGAAATATGATTCGATGGTCCTTTACCTCTTTACCGCCATCTCGGACCAGTTGGGGTATCGAGTTTCGCGGCCGATCAACTACCAATTTCAGTGGACATAGCTCTAGTAGGGTGATATCGATCCCCATAGCCCGATGGGACCTCACCCGGGGCAAAATTTCGTCCCCTTCTAGTAGTTTCGGATGCGGAATGCTCTCCGCGCAAGCTCTCTTGGGAACAACGAGAAGCATCTCTAGCGGGACTGAGGATCATTTAACTCTGCACCGCCACTGCCGCATTGGCATTCTTTACTGGCAAAAACGAATCTGTCCAGCTATGAGATGTTGTTTCAGGATGTGAAGGCGTATCAGTCAGCTTGAAGTTGCAGATGAGT	AGCTACGCAAGCCCATGATGACCATATGCTATGGTCTATTCACAGGGTAATAGGCGGCGTCTATCCGCTGGTCTCTTGGCCAGGCTGTACAGAAGCGCTGGCAGCATTCCTCACCACGGTGCGCATTGAAATATGATTCGATGGTCCTTTACCTCTTTACCGCCATCTCGGACCAGTTGGGGTATCGAGTTTCGCGGCCGATCAACTACCAATTTCAGTGGACATAGCTCTAGTAGGGTGATATCGATCCCCATAGCCCGATGGGACCTCACCCGGGGCAAAATTTCGTCCCCTTCTAGTAGTTTCGGATGCGGAATGCTCTCCGCGCAAGCTCTCTTGGGAACAACGAGAAGCATCTCTTAGCGGGACTGAGGATCATTTAACTCTGCACCGCCACTGCCGCATTGGCATTCTTTACTGGCAAAAACGAATCTGTCCAGCTATGAGATGTTGTTTCAGGATGTGAAGGCGTATCAGTCAGCTTGAAGTTGCAGATGAGT
leap_avx2	500	5	42	1	0	5	TTGTAGCTTGTCACTACCATGAGTAGAGTTTGGTACCACCCAAGTCAGCATATTCGGAATCCAGACTTATATGTGGTCGGGCGACACGGATTACTCAGTCCCTCTCATCAAATGCTTCCAGGTCCACTCGGGGCGCTCTTTCAATCATCGCACATTTGGCGCCGTAGTTATGGTGGCCTTCCGGCTTTCGTAAATTTTAAGATGCTAAGTCACATATCGTATTCCACTGTTTGCACTAAGTATGATATTCATTTCCAGCGCCTTATGGTCTGGGAGGCTCCTTTCACCCGCATGGTTATAGACGGCCTCACCGTCCACGGTGATGGCACTCCGTCACAATCCTAGGTGCGGTCGCGTGACTGTGACGCCTCTGGTCTGAGTCAAGGGGCAGAAGGACGTCAATGCTACTAACCGGCCGCTCCGTAGTCGAGCCTTCGATGGACGTTGGTAGAGTCAGTTGTCCCTCCTGGTGTTGGGGGGAGGTGTTCGTAATTTCCCCT	TTGTAGCTTGTCACTACCATGAGTAGAGTTTGGTACCACCCAAGTCAGCATATTCGGAATCCAGACTTATATGTGGTCGGGCGAACCGGATTACTCAGTCCCTCTCATCAAATGCTTCCAGGTCCACCGGGGCGCTCTTTCAATCATCGCACATTTGGCGCCGTTAGTTATGGTGGCCTTCCGGCTTTCGTAAATTTTAAGATGCTAAGTCACAGATCGTATTCCACTGTTTGCACTAAGTATGATATTCATTTCCAGCGCCTTATGGTCTGGGAGGCTCCTTTCACCCGCATGGTTATAGACGGCCTCACCGTCCACGGTGATGGCACTCCGTCACAATCCTAGGTGCGGTCGCGTGACTGTGACGCCTCTGGTCTGAGTCAAGGGGCAGAAGGACGTCAATGCTACTAACCGGCCGCTCCGTAGTCGAGCCTTCGATGGACGTTGGTAGAGTCAGTTGTCCCTCCTGGTGTTGGGGGGAGGTGTTCGTAATTTCCCCT
leap_avx2	500	5	810	1	0	5	TTCGGTATCTACCTCTTTACACACGAGTTTAGCATTTCTTGACAACCGGGCGAATTGCGGACTTTATCTTGCCTTCAATTGTGGCCTATGCTATTTTACGTACTATGATCTTGGTGCACTCTCGGGCCCATCAACGTTGGTATACAGGATCGCTGTAATTTGCCTATATATCTGGATCTAATACCGCGCAATCCTGCTAGTACGATGTAGGGACATGATGCAAGTCCACTATGTCCTTCCCCTGAGGACCGAACTCAATGGTGTGCGTTTTCTGTTGGTGATAGAAACGGGTAGTTTCACCTCTGACGATCGCTCGGAGAACAATCGCTTGATGATAGATCGGTGGCGGTTTATCGACTAGTTAAGCCGCGACAATGGCTCGCCAATTCGAGGCTATAGTAATCAAAAGCGAACTATGGGTTCCGCTGATCCCTGCTTTCATCAAGTAGATGTCTATATGCAGCAGAACCAACGAGTTGGCCGCCGAATAATATCCCATA	TTCGGTATCTACCTCTTTACACACGAGTTTAGCATTTCTTGACAACCGGGCGAATTGCGGACGTTATCTTGCCTTCAATTGTGGCCTATGCCTATTTTACGTACTATGATCTTGGTGCACTCTCGGGTCCATCAACGTTGGTATACAGGATCGCTGTAATTTGCCTATATATCTGGATCTAATACCGCGCAATCCTGCTAGTACGATGTAGGGACATGATGCAGGTCCACTATGTCCTTCCCCTGAGGACCGAACTCAATGGTGTGCGTTTTCTGTTGGTGATAGAAACGGGTAGTTTCACCTCTGACGATCGCTCGGAGAACAATCGCTTGATGATAGATCGGTGGCGGTTTATCGACTAGTTAAGCCGCGACAATGGCTCGCCAATTCGAGGCTATAGTAATCAAAACGAACTATGGGTTCCGCTGATCCCTGCTTTCATCAAGTAGATGTCTATATGCAGCAGAACCAACGAGTTGGCCGCCGAATAATATCCCATA
leap_avx2	500	5	2546	1	0	5	CTACGTAATTTCCCTGGCCAAGATTAGCCCGTGCTCGGGCAGCGATGCGCTCTCCTTCTTCAAGGTCCCGTGACAGCCATATGGTTAGCAAGGAGTTTATTTCTTAAGCGATGTTAAGCTCAACTTGTCAATCATGCGCAGGCTGAGCTAGCATTAAGGGCTTGTCCGAAGTATTGAGCGTAGTAGATGGCTCACTACCTCGCTCTGCAATGGGCACATTAGGATTAATTTGACCCACTCCCAAGGGAAAATTTAACATAAGGGCAATGGCGGACACATAGAGTTCTCTGACCTTGTCGTTCCCGCCTCGCTTTGCCTCCGGCCCTGATTAATACGGGCAGGTTTGCGGATGTCACTATAATACGTTTCTTCAAGTTCTTAGAGGGACTACCCGACTGGTCCTAAGTCTTGGTCAGAGGCCGTTCGCCGAATGCCTCCGCGCTTGTGGTGAATCGAAAGCTTGGTACAGGTCTATATGCAACCAGTTTATGCAAGTGCAG	CTACGTAATTTCCCTGGCCAAGATTAGCCCGTGCTCGGGCAGCGATGCGCTCTCCTTCTTCAAGGTCCCGTGACAGCCATATGGTTTTGCAAGGAGTTTATTTCTTAAGCGATGTTAAGCTCAACTTATCAATCCTGCGCAGGCTGAGCTAGCATTAAGGGCTTGTCCGAAGTATTGAGCGTAGTAGATGGCTCACTACCTCGCTCTGCAATGGGCACATTAGGATTAATTTGACCCACTCCCAAGGGAAAATTTAACATAAGGGAATGGCGGACACATAGAGTTCTCTGACCTTGTCGTTCCCGCCTCGCTTTGCCTCCGGCCCTGATTAATACGGGCAGGTTTGCGGATGTCACTATAATACGTTTCTTCAAGTTCTTAGAGGGACTACCCGACTGGTCCTAAGTCTTGGTCAGAGGCCGTTCGCCGAATGCCTCCGCGCTTGTGGTGAATCGAAAGCTTGGTACAGGTCTATATGCAACCAGTTTATGCAAGTGCAG
leap_avx2	500	5	9210	1	0	5	AGCCTCCGACGAGATAGACCGCGCTGACTACCCCTGCGATCCATTCCCGTGATGATAGCAAGAATAATGTAAGACATACGCACAGTACCACCAAAAGAAAAGGCGACGCTGACCCCTCTCCGGCATGTGGTACACCACGTCTGGCTCAACTTGACAGCACTGCAATTTGCCAGCCCCTAATTCGGCTTTCGCTAATCCCGTTACCGCTTGTTAACAGTGGTCTGTTGGTGGTCCCCATCGTCGAGGCAGCGCCAGCTTTATGTTCAATTTTAACACCTATCGGCCCAACTAGGCATTGCCTTACGCCTCCCGTGGCTCTTGGCATTGCAAGGGGCCGGCGTGCCTTAAGAGCCTACCTTACGCAATAGCATTCCCGGGTAGACGGTATAGTGGGCCCGAATAAATAACACTGGTGAGAGTCGACGTCTCCGTAGTCTCGCAGGCCTAGGATGCAATGTGTCATGTGCCCCCTTGGCAGTCCGCAGAAATTTTCAGTTTCA	AGCCTCCGACGAGATAGACCGCGCTGACTACCCCTGCGATCCATTCCCGTGATGATAGCAAGAATAATGCTAAGACATACGCACAGTACCACCAAAAGAAAAGGCGACGCTGACCCCTCTCCGGCATGTGGTACACCACGTCTGGCTCAACTTGACAGCACTGCAATTTGCCAGCCCCTAATTCGGCTTTCGCTAATCCCGTTACCGCTTGTTAACAGTGGTCTGTTGGTGGTCCCCATCGTCGAGGCAGCGCCAGCTTTATGTTCAATTTTAACACCTATCGGCCCAACTAGGCATTGCCTTACGCCTCCCGTGGCTCTTGGCATTGCAAGGGACCGGCGTGCCTTAAGAGCCTACCTTACGCAATAGCATTCCCGGGTAGATGGTATAGTGGGCCCGAATAAATAACACTGGTGAGAGTCGACGTCTCCGTAGTCTCGCAGGCCTAGGATGCAATGTGTCATGTGCCCCCTTGGCAGTTCGCAGAAATTTTCAGTTTC
